post_index,agent1_round1_label,final_label,agreed,rounds_used,agent1_flipped,agent2_flipped,total_flips,agent1_rationale_len,agent2_rationale_len,rationale_len_diff,hit_max_rounds,ground_truth
0,1,1,1,2,0,0,0,34,26,8,0,False
1,0,0,1,2,0,0,0,28,30,-2,0,False
2,1,1,1,2,0,0,0,7,9,-2,0,True
3,1,1,1,2,0,0,0,29,23,6,0,False
4,1,1,1,2,0,0,0,25,25,0,0,True
5,1,1,1,2,0,0,0,23,30,-7,0,True
6,1,1,1,2,0,0,0,32,25,7,0,True
7,1,1,1,2,0,0,0,24,23,1,0,True
8,1,1,1,2,0,0,0,38,31,7,0,True
9,0,0,1,2,0,0,0,32,34,-2,0,False
10,1,1,1,2,0,0,0,35,31,4,0,True
11,1,1,1,2,0,0,0,28,18,10,0,True
12,0,0,1,2,0,0,0,35,40,-5,0,False
13,1,1,1,2,0,0,0,27,32,-5,0,False
14,1,1,1,2,0,0,0,24,22,2,0,True
15,1,1,1,2,0,0,0,26,30,-4,0,True
16,0,0,1,2,0,0,0,31,29,2,0,True
17,0,0,1,2,0,0,0,40,28,12,0,False
18,1,1,1,2,0,0,0,27,28,-1,0,True
19,1,1,1,2,0,0,0,19,23,-4,0,True
20,1,0,1,3,1,0,1,35,60,-25,0,False
21,1,1,1,2,0,0,0,26,25,1,0,True
22,1,1,1,2,0,0,0,28,31,-3,0,True
23,1,1,1,2,0,0,0,28,29,-1,0,True
24,1,1,1,2,0,0,0,29,27,2,0,True
25,1,1,1,2,0,0,0,23,27,-4,0,True
26,0,0,1,2,0,0,0,41,34,7,0,True
27,1,1,1,2,0,0,0,17,18,-1,0,True
28,1,1,1,2,0,0,0,27,26,1,0,True
29,1,1,1,2,0,0,0,32,36,-4,0,True
30,1,1,1,2,0,0,0,24,26,-2,0,True
31,1,1,1,2,0,0,0,33,25,8,0,True
32,1,1,1,2,0,0,0,29,26,3,0,True
33,1,1,1,2,0,0,0,26,28,-2,0,True
34,1,1,1,2,0,0,0,32,43,-11,0,False
35,1,1,1,2,0,0,0,24,31,-7,0,True
36,1,1,1,2,0,0,0,22,25,-3,0,True
37,1,1,1,2,0,0,0,29,22,7,0,False
38,1,1,1,2,0,0,0,20,17,3,0,True
39,1,1,1,2,0,0,0,42,38,4,0,True
40,1,1,1,2,0,0,0,22,28,-6,0,True
41,0,0,1,2,0,0,0,34,40,-6,0,False
42,1,1,1,2,0,0,0,17,16,1,0,True
43,1,1,1,2,0,0,0,23,22,1,0,False
44,1,1,1,2,0,0,0,40,35,5,0,True
45,1,1,1,2,0,0,0,25,25,0,0,True
46,1,1,1,2,0,0,0,23,23,0,0,True
47,1,1,1,2,0,0,0,27,22,5,0,False
48,1,1,1,2,0,0,0,41,30,11,0,True
49,1,1,1,2,0,0,0,27,22,5,0,True
50,1,1,1,2,0,0,0,33,26,7,0,True
51,1,1,1,2,0,0,0,34,27,7,0,False
52,1,1,1,2,0,0,0,23,23,0,0,True
53,0,0,1,2,0,0,0,60,52,8,0,True
54,1,1,1,2,0,0,0,31,35,-4,0,True
55,0,0,1,2,0,0,0,30,30,0,0,True
56,1,1,1,2,0,0,0,13,32,-19,0,True
57,1,1,1,2,0,0,0,26,20,6,0,True
58,1,1,1,2,0,0,0,24,20,4,0,True
59,1,1,1,2,0,0,0,26,30,-4,0,True
60,0,0,1,2,0,0,0,33,48,-15,0,True
61,1,1,1,2,0,0,0,26,31,-5,0,True
62,1,1,1,2,0,0,0,37,35,2,0,True
63,1,1,1,2,0,0,0,19,25,-6,0,True
64,0,0,1,2,0,0,0,49,58,-9,0,False
65,1,1,1,2,0,0,0,19,22,-3,0,True
66,0,0,1,2,0,0,0,31,40,-9,0,True
67,1,1,1,2,0,0,0,26,21,5,0,True
68,1,1,1,2,0,0,0,23,28,-5,0,True
69,1,1,1,2,0,0,0,19,18,1,0,True
70,1,1,1,2,0,0,0,31,21,10,0,True
71,1,1,1,2,0,0,0,21,29,-8,0,True
72,1,1,1,2,0,0,0,31,34,-3,0,True
73,1,1,1,2,0,0,0,52,31,21,0,True
74,1,1,1,2,0,0,0,16,18,-2,0,True
75,1,1,1,2,0,0,0,23,22,1,0,True
76,1,1,1,2,0,0,0,18,17,1,0,False
77,1,1,1,2,0,0,0,18,22,-4,0,True
78,1,1,1,2,0,0,0,22,19,3,0,False
79,0,0,1,2,0,0,0,30,36,-6,0,False
80,1,1,1,2,0,0,0,27,30,-3,0,True
81,1,1,1,2,0,0,0,27,29,-2,0,True
82,1,1,1,2,0,0,0,29,33,-4,0,True
83,1,1,1,2,0,0,0,21,26,-5,0,True
84,1,1,1,2,0,0,0,24,53,-29,0,True
85,1,1,1,2,0,0,0,35,35,0,0,False
86,1,1,1,2,0,0,0,25,25,0,0,True
87,1,1,1,2,0,0,0,25,23,2,0,True
88,1,1,1,4,0,1,1,38,23,15,0,True
89,0,0,1,2,0,0,0,35,32,3,0,False
90,0,0,1,2,0,0,0,48,41,7,0,False
91,0,0,1,2,0,0,0,30,31,-1,0,False
92,1,1,1,2,0,0,0,22,18,4,0,True
93,1,1,1,2,0,0,0,20,20,0,0,False
94,0,0,1,2,0,0,0,32,24,8,0,False
95,1,1,1,2,0,0,0,32,20,12,0,True
96,1,1,1,2,0,0,0,29,26,3,0,False
97,1,1,1,2,0,0,0,34,34,0,0,True
98,1,1,1,2,0,0,0,24,27,-3,0,True
99,1,1,1,2,0,0,0,33,21,12,0,True
