post_index,true_agent_label,false_agent_label,judge_label,true_rationale_len,false_rationale_len,rationale_len_diff,ground_truth
0,1,0,1,39,58,-19,False
1,1,0,0,73,56,17,False
2,1,0,1,30,43,-13,True
3,1,0,1,65,42,23,False
4,1,0,1,44,69,-25,True
5,1,0,1,32,49,-17,True
6,1,0,1,59,89,-30,True
7,1,0,1,32,57,-25,True
8,1,0,1,32,48,-16,True
9,1,0,0,33,39,-6,False
10,1,0,1,65,50,15,True
11,1,0,1,37,60,-23,True
12,1,0,0,40,38,2,False
13,1,0,0,41,63,-22,False
14,1,0,1,40,56,-16,True
15,1,0,1,50,80,-30,True
16,1,0,0,35,62,-27,True
17,1,0,0,41,40,1,False
18,1,0,0,48,38,10,True
19,1,0,1,53,66,-13,True
20,1,0,0,40,58,-18,False
21,1,0,1,61,65,-4,True
22,1,0,1,52,70,-18,True
23,1,0,1,37,56,-19,True
24,1,0,1,33,53,-20,True
25,1,0,1,39,45,-6,True
26,1,0,0,70,69,1,True
27,1,0,1,49,52,-3,True
28,1,0,1,40,94,-54,True
29,1,0,1,38,54,-16,True
30,1,0,1,38,70,-32,True
31,1,0,1,45,88,-43,True
32,1,0,1,30,59,-29,True
33,1,0,1,37,82,-45,True
34,1,0,1,52,66,-14,False
35,1,0,1,57,93,-36,True
36,1,0,1,48,76,-28,True
37,1,0,0,36,34,2,False
38,1,0,1,61,50,11,True
39,1,0,1,53,72,-19,True
40,1,0,1,29,47,-18,True
41,1,0,1,44,45,-1,False
42,1,0,1,29,50,-21,True
43,1,0,1,39,55,-16,False
44,1,0,1,52,67,-15,True
45,1,0,1,37,42,-5,True
46,1,0,1,36,79,-43,True
47,1,0,1,39,56,-17,False
48,1,0,1,40,53,-13,True
49,1,0,1,32,56,-24,True
50,1,0,1,36,56,-20,True
51,1,0,1,68,57,11,False
52,1,0,1,30,60,-30,True
53,1,0,0,62,62,0,True
54,1,0,1,32,100,-68,True
55,1,0,0,39,58,-19,True
56,1,0,1,28,43,-15,True
57,1,0,0,36,39,-3,True
58,1,0,1,56,59,-3,True
59,1,0,1,40,45,-5,True
60,1,0,0,50,45,5,True
61,1,0,0,68,58,10,True
62,1,0,1,65,77,-12,True
63,1,0,1,48,48,0,True
64,1,0,0,54,47,7,False
65,1,0,1,26,47,-21,True
66,1,0,0,70,45,25,True
67,1,0,1,32,58,-26,True
68,1,0,1,36,65,-29,True
69,1,0,1,28,53,-25,True
70,1,0,1,58,38,20,True
71,1,0,1,51,69,-18,True
72,1,0,1,33,48,-15,True
73,1,0,1,24,40,-16,True
74,1,0,1,31,56,-25,True
75,1,0,1,41,64,-23,True
76,1,0,1,42,44,-2,False
77,1,0,1,53,46,7,True
78,1,0,1,48,56,-8,False
79,1,0,0,42,52,-10,False
80,1,0,1,31,77,-46,True
81,1,0,1,37,47,-10,True
82,1,0,1,31,102,-71,True
83,1,0,1,35,87,-52,True
84,1,0,1,42,62,-20,True
85,1,0,1,52,48,4,False
86,1,0,1,46,68,-22,True
87,1,0,1,31,39,-8,True
88,1,0,1,45,49,-4,True
89,1,0,0,40,36,4,False
90,1,0,0,39,59,-20,False
91,1,0,0,55,43,12,False
92,1,0,1,35,56,-21,True
93,1,0,1,29,49,-20,False
94,1,0,0,67,33,34,False
95,1,0,1,26,44,-18,True
96,1,0,1,32,56,-24,False
97,1,0,1,37,45,-8,True
98,1,0,1,35,62,-27,True
99,1,0,1,42,51,-9,True
